timestamp,latitude,longitude,zone,disaster,severity,key
2023-02-04 00:01:00,37.86491027899463,-121.59314876782145,Zone B,,Level 0: No Disaster,1
2023-02-04 00:04:00,37.02940992025083,-122.2358532746932,Zone C,,Level 0: No Disaster,1
2023-02-04 00:10:00,37.60525759856685,-122.20246262639112,Zone A,earthquake,Level 4: Critical Disaster,1
2023-02-04 00:11:00,37.98681000235784,-122.39780415264792,Zone A,flood,Level 3: Severe Disaster,1
2023-02-04 00:16:00,37.23340237227449,-122.00285071719502,Zone C,flood,Level 3: Severe Disaster,1
2023-02-04 00:17:00,37.25188922175628,-121.53016543137588,Zone D,,Level 0: No Disaster,1
2023-02-04 00:19:00,37.30063069460953,-121.75532293011644,Zone D,,Level 0: No Disaster,1
2023-02-04 00:20:00,37.5064745891768,-121.51092988117006,Zone B,,Level 0: No Disaster,1
2023-02-04 00:23:00,37.88780728678805,-121.63595374828408,Zone B,earthquake,Level 4: Critical Disaster,1
2023-02-04 00:24:00,37.61635853360462,-122.40645293142713,Zone A,,Level 1: Mild Disaster,1
2023-02-04 00:33:00,37.13582074887887,-122.05227271986617,Zone C,earthquake,Level 1: Mild Disaster,1
2023-02-04 00:41:00,37.65161161823816,-121.8734127549597,Zone B,,Level 0: No Disaster,1
2023-02-04 00:43:00,37.62160397443812,-121.9463787311518,Zone B,flood,Level 1: Mild Disaster,1
2023-02-04 00:45:00,37.81922052519827,-122.18332736588172,Zone A,flood,Level 2: Moderate Disaster,1
2023-02-04 00:48:00,37.69384201913967,-121.57052927005893,Zone B,,Level 0: No Disaster,1
2023-02-04 00:49:00,37.60678362776581,-121.73165208145758,Zone B,,Level 0: No Disaster,1
2023-02-04 00:53:00,37.29479406483555,-122.2242750884712,Zone C,,Level 0: No Disaster,1
2023-02-04 01:05:00,37.56839002173437,-121.76533352549282,Zone B,flood,Level 2: Moderate Disaster,1
2023-02-04 01:11:00,37.05330517205777,-121.51128516595315,Zone D,,Level 0: No Disaster,1
2023-02-04 01:19:00,37.86159572388276,-122.44712895705024,Zone A,,Level 0: No Disaster,1
2023-02-04 01:23:00,37.89150682016602,-121.8476421147638,Zone B,,Level 0: No Disaster,1
2023-02-04 01:27:00,37.204628465206326,-122.19813617257812,Zone C,,Level 0: No Disaster,1
2023-02-04 01:28:00,37.615208791281326,-121.80298764645406,Zone B,,Level 0: No Disaster,1
2023-02-04 01:29:00,37.81087668980487,-121.5024344261618,Zone B,flood,Level 1: Mild Disaster,1
2023-02-04 01:31:00,37.42499630420632,-122.21986408230812,Zone C,,Level 0: No Disaster,1
2023-02-04 01:38:00,37.47637149097627,-122.44182635484952,Zone C,,Level 0: No Disaster,1
2023-02-04 01:40:00,37.661759566186205,-121.95600856204965,Zone B,,Level 0: No Disaster,1
2023-02-04 01:43:00,37.96973494371151,-121.69701066007792,Zone B,,Level 0: No Disaster,1
2023-02-04 01:47:00,37.21315138577221,-122.0960393207602,Zone C,,Level 0: No Disaster,1
2023-02-04 01:48:00,37.61742925148904,-121.78557208320966,Zone B,hurricane,Level 2: Moderate Disaster,1
2023-02-04 01:50:00,37.92554941120009,-122.4125679559712,Zone A,earthquake,Level 2: Moderate Disaster,1
2023-02-04 01:53:00,37.24791633118376,-122.24309549878664,Zone C,hurricane,Level 1: Mild Disaster,1
2023-02-04 01:54:00,37.5723180254646,-121.54924532697964,Zone B,,Level 3: Severe Disaster,1
2023-02-04 01:57:00,37.12605968812335,-121.59971813912829,Zone D,,Level 0: No Disaster,1
2023-02-04 01:59:00,37.644800491342,-122.28790970707162,Zone A,,Level 0: No Disaster,1
2023-02-04 02:00:00,37.1055019104852,-121.67739348919672,Zone D,,Level 0: No Disaster,1
2023-02-04 02:03:00,37.87972653090615,-122.44728520836549,Zone A,,Level 0: No Disaster,1
2023-02-04 02:04:00,37.68751762720505,-122.44339220990788,Zone A,,Level 2: Moderate Disaster,1
2023-02-04 02:05:00,37.10935696671572,-122.42070779224,Zone C,,Level 3: Severe Disaster,1
2023-02-04 02:06:00,37.63456613098965,-121.5521105058843,Zone B,hurricane,Level 1: Mild Disaster,1
2023-02-04 02:07:00,37.36622748376461,-121.65550116915644,Zone D,,Level 2: Moderate Disaster,1
2023-02-04 02:08:00,37.08335014244025,-122.0049456198359,Zone C,,Level 0: No Disaster,1
2023-02-04 02:14:00,37.24175409290296,-122.3663919108428,Zone C,flood,Level 4: Critical Disaster,1
2023-02-04 02:23:00,37.64694331640529,-122.46532841212044,Zone A,,Level 0: No Disaster,1
2023-02-04 02:24:00,37.69070431183161,-121.8373767243381,Zone B,,Level 0: No Disaster,1
2023-02-04 02:26:00,37.7964794276612,-122.34461868503536,Zone A,,Level 0: No Disaster,1
2023-02-04 02:27:00,37.8051854978778,-121.70957316229924,Zone B,,Level 0: No Disaster,1
2023-02-04 02:28:00,37.39306145953633,-122.000445712627,Zone C,,Level 0: No Disaster,1
2023-02-04 02:30:00,37.641380114903,-122.23030510646907,Zone A,,Level 0: No Disaster,1
2023-02-04 02:32:00,37.45598112595653,-121.70373399163644,Zone D,earthquake,Level 1: Mild Disaster,1
2023-02-04 02:35:00,37.33854549144522,-121.5923174107878,Zone D,,Level 0: No Disaster,1
2023-02-04 02:36:00,37.41340525177616,-122.39309912653916,Zone C,,Level 2: Moderate Disaster,1
2023-02-04 02:38:00,37.82323237952863,-122.24634617021869,Zone A,,Level 0: No Disaster,1
2023-02-04 02:39:00,37.59802203565795,-121.5202667250671,Zone B,,Level 0: No Disaster,1
2023-02-04 02:42:00,37.830559164711765,-122.23552691494366,Zone A,earthquake,Level 2: Moderate Disaster,1
2023-02-04 02:47:00,37.14039190217106,-121.96369019748744,Zone D,earthquake,Level 3: Severe Disaster,1
2023-02-04 02:50:00,37.84876731631196,-122.16948473437785,Zone A,flood,Level 2: Moderate Disaster,1
2023-02-04 02:53:00,37.36470496979055,-122.04659817531224,Zone C,flood,Level 3: Severe Disaster,1
2023-02-04 02:54:00,37.01764938616565,-121.88984998563686,Zone D,earthquake,Level 2: Moderate Disaster,1
2023-02-04 02:56:00,37.02825131713268,-121.90434959818153,Zone D,,Level 0: No Disaster,1
2023-02-04 02:57:00,37.80226383570479,-121.60298453394412,Zone B,,Level 0: No Disaster,1
2023-02-04 02:58:00,37.41179631502102,-121.78838083746726,Zone D,flood,Level 2: Moderate Disaster,1
2023-02-04 02:59:00,37.13928812043481,-122.34334613817936,Zone C,,Level 0: No Disaster,1
2023-02-04 03:00:00,37.13780055641172,-121.71192053248518,Zone D,earthquake,Level 1: Mild Disaster,1
2023-02-04 03:04:00,37.874871393428414,-122.26159546980377,Zone A,flood,Level 1: Mild Disaster,1
2023-02-04 03:06:00,37.22000662358636,-122.10697096748012,Zone C,,Level 0: No Disaster,1
2023-02-04 03:07:00,37.76395436439934,-122.2158736935026,Zone A,,Level 0: No Disaster,1
2023-02-04 03:11:00,37.90919294725763,-122.04177672540489,Zone A,earthquake,Level 2: Moderate Disaster,1
2023-02-04 03:13:00,37.64822513990152,-121.80547471673547,Zone B,earthquake,Level 1: Mild Disaster,1
2023-02-04 03:15:00,37.22013109056291,-121.90833990624547,Zone D,,Level 0: No Disaster,1
2023-02-04 03:17:00,37.76718832656904,-122.43551460914982,Zone A,,Level 0: No Disaster,1
2023-02-04 03:18:00,37.54529733160148,-121.89402938088143,Zone B,hurricane,Level 1: Mild Disaster,1
2023-02-04 03:21:00,37.5807287250374,-121.93986744357568,Zone B,,Level 2: Moderate Disaster,1
2023-02-04 03:23:00,37.764342403298826,-121.67462701881244,Zone B,,Level 0: No Disaster,1
2023-02-04 03:24:00,37.78854572023953,-121.55378633020456,Zone B,,Level 0: No Disaster,1
2023-02-04 03:26:00,37.50401526323745,-122.30945654809896,Zone A,,Level 0: No Disaster,1
2023-02-04 03:27:00,37.91163729512318,-121.7365671841636,Zone B,,Level 0: No Disaster,1
2023-02-04 03:30:00,37.87904345691821,-121.82503871641391,Zone B,,Level 2: Moderate Disaster,1
2023-02-04 03:34:00,37.83283027990368,-122.17013811633193,Zone A,earthquake,Level 3: Severe Disaster,1
2023-02-04 03:37:00,37.66055616226741,-121.58067940778652,Zone B,earthquake,Level 2: Moderate Disaster,1
2023-02-04 03:38:00,37.70419798766373,-122.04619876364796,Zone A,,Level 0: No Disaster,1
2023-02-04 03:39:00,37.46130677818663,-122.06939783153756,Zone C,earthquake,Level 1: Mild Disaster,1
2023-02-04 03:40:00,37.94113122236878,-122.15506625036956,Zone A,flood,Level 4: Critical Disaster,1
2023-02-04 03:46:00,37.37237261667687,-121.92662765559602,Zone D,hurricane,Level 2: Moderate Disaster,1
2023-02-04 03:47:00,37.37513025442088,-122.02569300174584,Zone C,,Level 0: No Disaster,1
2023-02-04 03:49:00,37.86979499628891,-121.56640863761945,Zone B,,Level 0: No Disaster,1
2023-02-04 03:51:00,37.84790310650326,-122.33402956723926,Zone A,,Level 0: No Disaster,1
2023-02-04 03:57:00,37.83210592904456,-122.46667632650517,Zone A,flood,Level 2: Moderate Disaster,1
2023-02-04 03:58:00,37.190874741284354,-122.09978561965616,Zone C,,Level 0: No Disaster,1
2023-02-04 03:59:00,37.203276028405256,-122.48658697291108,Zone C,,Level 0: No Disaster,1
2023-02-04 04:02:00,37.85063730240884,-121.86769492550998,Zone B,,Level 0: No Disaster,1
2023-02-04 04:03:00,37.74023961312876,-121.541974423858,Zone B,,Level 0: No Disaster,1
2023-02-04 04:08:00,37.61371957022998,-122.18246661427284,Zone A,earthquake,Level 3: Severe Disaster,1
2023-02-04 04:12:00,37.87707473718895,-122.43549833574087,Zone A,,Level 0: No Disaster,1
2023-02-04 04:17:00,37.26873972154793,-121.82110891716232,Zone D,,Level 0: No Disaster,1
2023-02-04 04:19:00,37.75278508020765,-122.37096539295716,Zone A,,Level 0: No Disaster,1
2023-02-04 04:20:00,37.45464599093207,-122.43422664844198,Zone C,flood,Level 4: Critical Disaster,1
2023-02-04 04:21:00,37.9336561690949,-122.01048621111588,Zone A,,Level 1: Mild Disaster,1
2023-02-04 04:22:00,37.05893382776048,-121.91959238781816,Zone D,,Level 0: No Disaster,1
2023-02-04 04:23:00,37.8237079729309,-121.79401292597422,Zone B,,Level 2: Moderate Disaster,1
2023-02-04 04:29:00,37.89310448335719,-121.60117092454364,Zone B,flood,Level 1: Mild Disaster,1
2023-02-04 04:32:00,37.78792059691215,-121.5204983790384,Zone B,,Level 4: Critical Disaster,1
2023-02-04 04:34:00,37.29818597913368,-122.28373272753554,Zone C,,Level 2: Moderate Disaster,1
2023-02-04 04:36:00,37.40261997961512,-122.37871204497704,Zone C,flood,Level 3: Severe Disaster,1
2023-02-04 04:37:00,37.5555028043656,-121.68025185485426,Zone B,flood,Level 1: Mild Disaster,1
2023-02-04 04:44:00,37.85478604789138,-121.7097203116714,Zone B,,Level 0: No Disaster,1
2023-02-04 04:46:00,37.57786452828429,-122.24224073269518,Zone A,flood,Level 4: Critical Disaster,1
2023-02-04 04:47:00,37.870339351873405,-121.84097852941788,Zone B,,Level 0: No Disaster,1
2023-02-04 04:52:00,37.56478275210589,-121.74240687791972,Zone B,flood,Level 4: Critical Disaster,1
2023-02-04 04:57:00,37.045007207311,-122.03987952006932,Zone C,flood,Level 2: Moderate Disaster,1
2023-02-04 04:59:00,37.40332461459113,-122.18847971369102,Zone C,,Level 0: No Disaster,1
2023-02-04 05:02:00,37.50056500855332,-122.30265651216722,Zone A,,Level 0: No Disaster,1
2023-02-04 05:11:00,37.7665032192377,-121.85244694416758,Zone B,,Level 1: Mild Disaster,1
2023-02-04 05:25:00,37.76306982012713,-122.45529052022135,Zone A,flood,Level 4: Critical Disaster,1
2023-02-04 05:26:00,37.25243949164151,-121.68561998028947,Zone D,,Level 4: Critical Disaster,1
2023-02-04 05:27:00,37.99354890862488,-122.31932334839782,Zone A,,Level 2: Moderate Disaster,1
2023-02-04 05:28:00,37.8277277453278,-121.82113182060718,Zone B,,Level 3: Severe Disaster,1
2023-02-04 05:29:00,37.39296422482485,-121.83427710905954,Zone D,,Level 2: Moderate Disaster,1
2023-02-04 05:31:00,37.45631245457171,-121.5137192979087,Zone D,hurricane,Level 2: Moderate Disaster,1
2023-02-04 05:38:00,37.13124327728431,-121.57367361508128,Zone D,,Level 1: Mild Disaster,1
2023-02-04 05:42:00,37.72666653587289,-121.68265050850856,Zone B,,Level 0: No Disaster,1
2023-02-04 05:45:00,37.57745257503643,-122.46268922545318,Zone A,,Level 2: Moderate Disaster,1
2023-02-04 05:48:00,37.22274017791924,-121.63544958993656,Zone D,earthquake,Level 2: Moderate Disaster,1
2023-02-04 05:55:00,37.54748814433548,-122.35706900460303,Zone A,,Level 3: Severe Disaster,1
2023-02-04 05:58:00,37.20910277087144,-121.6491991282392,Zone D,,Level 0: No Disaster,1
2023-02-04 05:59:00,37.69388435337024,-121.53193540515208,Zone B,flood,Level 2: Moderate Disaster,1
2023-02-04 06:00:00,37.602438777436205,-121.98893300409844,Zone B,hurricane,Level 3: Severe Disaster,1
2023-02-04 06:04:00,37.888837988824925,-121.51319617205792,Zone B,,Level 0: No Disaster,1
2023-02-04 06:05:00,37.45383478634453,-121.55052347222664,Zone D,,Level 0: No Disaster,1
2023-02-04 06:07:00,37.46397284346601,-122.1900947075066,Zone C,,Level 0: No Disaster,1
2023-02-04 06:08:00,37.36467436951699,-122.42506288266976,Zone C,flood,Level 1: Mild Disaster,1
2023-02-04 06:12:00,37.09988469244631,-122.1163048240611,Zone C,earthquake,Level 1: Mild Disaster,1
2023-02-04 06:15:00,37.543153445218685,-121.96718025252176,Zone B,,Level 0: No Disaster,1
2023-02-04 06:17:00,37.278643037677526,-121.71981472916238,Zone D,flood,Level 1: Mild Disaster,1
2023-02-04 06:20:00,37.90199306983854,-122.04705447028874,Zone A,flood,Level 1: Mild Disaster,1
2023-02-04 06:27:00,37.833305183402345,-122.45540708103952,Zone A,,Level 0: No Disaster,1
2023-02-04 06:35:00,37.68253115036954,-122.32178253563424,Zone A,,Level 1: Mild Disaster,1
2023-02-04 06:38:00,37.55734207074661,-122.03469472421558,Zone A,,Level 0: No Disaster,1
2023-02-04 06:43:00,37.36802025579476,-121.76294486127718,Zone D,,Level 0: No Disaster,1
2023-02-04 06:45:00,37.40162629310256,-122.28339550673884,Zone C,flood,Level 4: Critical Disaster,1
2023-02-04 06:46:00,37.45679809022378,-122.08257523553728,Zone C,,Level 0: No Disaster,1
2023-02-04 06:54:00,37.06690374793856,-122.13787319725158,Zone C,,Level 0: No Disaster,1
2023-02-04 06:58:00,37.83775363713199,-121.65608910146148,Zone B,,Level 0: No Disaster,1
2023-02-04 07:00:00,37.84629831964625,-121.9613505367786,Zone B,,Level 0: No Disaster,1
2023-02-04 07:02:00,37.3223784404253,-121.89395425757226,Zone D,hurricane,Level 1: Mild Disaster,1
2023-02-04 07:05:00,37.27930340444904,-121.89674778931658,Zone D,flood,Level 4: Critical Disaster,1
2023-02-04 07:08:00,37.05835865715196,-122.12421059441836,Zone C,hurricane,Level 2: Moderate Disaster,1
2023-02-04 07:09:00,37.19625614526095,-122.41936447803933,Zone C,,Level 0: No Disaster,1
2023-02-04 07:10:00,37.38682601057069,-122.22499569708418,Zone C,,Level 0: No Disaster,1
2023-02-04 07:11:00,37.24406316148141,-121.83169814422224,Zone D,hurricane,Level 1: Mild Disaster,1
2023-02-04 07:14:00,37.4413668035115,-121.59097461372838,Zone D,flood,Level 4: Critical Disaster,1
2023-02-04 07:17:00,37.00036831771284,-121.8406211907309,Zone D,,Level 0: No Disaster,1
2023-02-04 07:18:00,37.63256432776055,-122.09397911832868,Zone A,,Level 3: Severe Disaster,1
2023-02-04 07:22:00,37.76730329160991,-122.23370249519547,Zone A,flood,Level 4: Critical Disaster,1
2023-02-04 07:23:00,37.25859706810859,-122.14524209056964,Zone C,,Level 0: No Disaster,1
2023-02-04 07:30:00,37.28238854007958,-122.05552616887272,Zone C,,Level 0: No Disaster,1
2023-02-04 07:33:00,37.58349359161689,-122.2895947011288,Zone A,,Level 1: Mild Disaster,1
2023-02-04 07:40:00,37.658719647416575,-121.77149878307634,Zone B,,Level 1: Mild Disaster,1
2023-02-04 07:53:00,37.5594184291549,-121.95588140398443,Zone B,flood,Level 2: Moderate Disaster,1
2023-02-04 07:55:00,37.35003717599735,-121.6468240852607,Zone D,earthquake,Level 2: Moderate Disaster,1
2023-02-04 08:04:00,37.602022303132046,-121.53721153589989,Zone B,,Level 0: No Disaster,1
2023-02-04 08:07:00,37.11309048112584,-122.15995045439294,Zone C,hurricane,Level 1: Mild Disaster,1
2023-02-04 08:17:00,37.067610479874254,-121.9191475699603,Zone D,hurricane,Level 2: Moderate Disaster,1
2023-02-04 08:20:00,37.2583135132781,-122.2842146726795,Zone C,hurricane,Level 2: Moderate Disaster,1
2023-02-04 08:23:00,37.29019786999006,-121.59935907315244,Zone D,flood,Level 4: Critical Disaster,1
2023-02-04 08:27:00,37.68091614094408,-122.11123432473624,Zone A,earthquake,Level 1: Mild Disaster,1
2023-02-04 08:30:00,37.33594432864017,-121.9155629569126,Zone D,,Level 0: No Disaster,1
2023-02-04 08:32:00,37.36371734684919,-121.68574594383274,Zone D,,Level 0: No Disaster,1
2023-02-04 08:38:00,37.95039036681785,-122.27020770258584,Zone A,hurricane,Level 2: Moderate Disaster,1
2023-02-04 08:39:00,37.3600445544753,-122.00441327550942,Zone C,earthquake,Level 2: Moderate Disaster,1
2023-02-04 08:41:00,37.27396485143922,-121.73362153276337,Zone D,,Level 0: No Disaster,1
2023-02-04 08:42:00,37.02299719405354,-121.74899614751013,Zone D,,Level 0: No Disaster,1
2023-02-04 08:43:00,37.304333789999205,-121.83798899515156,Zone D,,Level 0: No Disaster,1
2023-02-04 08:49:00,37.46257637436972,-121.98863746385736,Zone D,,Level 0: No Disaster,1
2023-02-04 08:53:00,37.760030090717486,-122.4407425853286,Zone A,hurricane,Level 1: Mild Disaster,1
2023-02-04 08:56:00,37.49545131057815,-122.21991855656924,Zone C,hurricane,Level 2: Moderate Disaster,1
2023-02-04 09:00:00,37.78830746794078,-122.40503269486784,Zone A,,Level 0: No Disaster,1
2023-02-04 09:08:00,37.33747467011619,-122.20343837169897,Zone C,,Level 1: Mild Disaster,1
2023-02-04 09:10:00,37.50764056585013,-122.13843955139394,Zone A,,Level 2: Moderate Disaster,1
2023-02-04 09:23:00,37.894136841523554,-121.8482545742416,Zone B,flood,Level 1: Mild Disaster,1
2023-02-04 09:24:00,37.421777542797685,-121.71139268895436,Zone D,,Level 0: No Disaster,1
2023-02-04 09:31:00,37.38718779999612,-122.06560050605292,Zone C,earthquake,Level 3: Severe Disaster,1
2023-02-04 09:35:00,37.945593776124674,-121.7625131998912,Zone B,,Level 3: Severe Disaster,1
2023-02-04 09:37:00,37.7937678662518,-121.54533285961726,Zone B,,Level 0: No Disaster,1
2023-02-04 09:39:00,37.14452156331078,-121.89156755489871,Zone D,,Level 2: Moderate Disaster,1
2023-02-04 09:40:00,37.25474435161728,-122.4674004487742,Zone C,hurricane,Level 3: Severe Disaster,1
2023-02-04 09:41:00,37.72964073122383,-121.61826200393156,Zone B,,Level 1: Mild Disaster,1
2023-02-04 09:43:00,37.51984821918214,-121.6343862736371,Zone B,earthquake,Level 1: Mild Disaster,1
2023-02-04 09:48:00,37.12772286369853,-122.37416150852464,Zone C,,Level 0: No Disaster,1
2023-02-04 09:58:00,37.84010858588413,-122.07468564466843,Zone A,,Level 0: No Disaster,1
2023-02-04 10:02:00,37.59401178237075,-122.2361614914633,Zone A,,Level 2: Moderate Disaster,1
2023-02-04 10:04:00,37.97764149288912,-121.59505055821944,Zone B,hurricane,Level 3: Severe Disaster,1
2023-02-04 10:05:00,37.74230813851405,-122.30039489369638,Zone A,flood,Level 1: Mild Disaster,1
2023-02-04 10:11:00,37.06686240380821,-122.26672873956552,Zone C,flood,Level 2: Moderate Disaster,1
2023-02-04 10:12:00,37.11529704565065,-122.2870703479893,Zone C,,Level 0: No Disaster,1
2023-02-04 10:14:00,37.252664438604135,-121.87568485956876,Zone D,hurricane,Level 3: Severe Disaster,1
2023-02-04 10:16:00,37.02016195552381,-122.0555153016895,Zone C,,Level 0: No Disaster,1
2023-02-04 10:18:00,37.49641008179392,-121.9739171215104,Zone D,earthquake,Level 2: Moderate Disaster,1
2023-02-04 10:19:00,37.79367491701673,-121.9084027688326,Zone B,earthquake,Level 2: Moderate Disaster,1
2023-02-04 10:20:00,37.21847908964506,-121.68033146171084,Zone D,earthquake,Level 4: Critical Disaster,1
2023-02-04 10:21:00,37.469479506069725,-121.9704881830685,Zone D,flood,Level 2: Moderate Disaster,1
2023-02-04 10:23:00,37.88583065847324,-122.3071676118155,Zone A,,Level 4: Critical Disaster,1
2023-02-04 10:24:00,37.17652790089489,-122.32412680497146,Zone C,,Level 0: No Disaster,1
2023-02-04 10:35:00,37.1344192436226,-121.83177747496522,Zone D,,Level 0: No Disaster,1
2023-02-04 10:37:00,37.178186193764006,-122.2119415836418,Zone C,,Level 0: No Disaster,1
2023-02-04 10:38:00,37.19839323356367,-122.36791687606286,Zone C,flood,Level 2: Moderate Disaster,1
2023-02-04 10:40:00,37.363454707323214,-121.8610799841159,Zone D,earthquake,Level 2: Moderate Disaster,1
2023-02-04 10:43:00,37.076032052992055,-121.76996031721724,Zone D,hurricane,Level 2: Moderate Disaster,1
2023-02-04 10:45:00,37.39632389287865,-122.2857974750588,Zone C,,Level 0: No Disaster,1
2023-02-04 10:46:00,37.38902305577903,-122.38627367839496,Zone C,,Level 0: No Disaster,1
2023-02-04 10:47:00,37.6527098147564,-121.56978584058524,Zone B,,Level 0: No Disaster,1
2023-02-04 10:48:00,37.37988294502389,-122.29305647578748,Zone C,earthquake,Level 4: Critical Disaster,1
2023-02-04 10:50:00,37.34559168081674,-122.48653485755108,Zone C,hurricane,Level 2: Moderate Disaster,1
2023-02-04 10:51:00,37.71331324406067,-122.42742782022432,Zone A,flood,Level 1: Mild Disaster,1
2023-02-04 10:52:00,37.8999200522769,-121.90580061147745,Zone B,flood,Level 1: Mild Disaster,1
2023-02-04 10:56:00,37.58255211873556,-122.28057768472569,Zone A,,Level 1: Mild Disaster,1
2023-02-04 10:58:00,37.89414619966895,-122.18283825018445,Zone A,flood,Level 1: Mild Disaster,1
2023-02-04 10:59:00,37.72529615941314,-121.5905639064357,Zone B,,Level 0: No Disaster,1
2023-02-04 11:00:00,37.27336475337149,-121.55114003592928,Zone D,,Level 0: No Disaster,1
2023-02-04 11:01:00,37.61968995727316,-121.6998464678876,Zone B,,Level 4: Critical Disaster,1
2023-02-04 11:04:00,37.47118952352898,-121.66745212455974,Zone D,earthquake,Level 2: Moderate Disaster,1
2023-02-04 11:06:00,37.01093284145152,-121.97817550884989,Zone D,flood,Level 4: Critical Disaster,1
2023-02-04 11:07:00,37.76568674283989,-122.14213028774483,Zone A,,Level 0: No Disaster,1
2023-02-04 11:15:00,37.563374614921976,-122.06949661565918,Zone A,,Level 0: No Disaster,1
2023-02-04 11:20:00,37.84007037181618,-121.92358520048955,Zone B,,Level 0: No Disaster,1
2023-02-04 11:27:00,37.276813532106665,-122.11378080251995,Zone C,flood,Level 2: Moderate Disaster,1
2023-02-04 11:30:00,37.55871511452427,-122.0090189636118,Zone A,flood,Level 2: Moderate Disaster,1
2023-02-04 11:37:00,37.22922736770388,-121.7967383410201,Zone D,,Level 0: No Disaster,1
2023-02-04 11:44:00,37.79251934124078,-122.4653031638386,Zone A,,Level 0: No Disaster,1
2023-02-04 11:46:00,37.34161249305188,-121.87777258326362,Zone D,,Level 1: Mild Disaster,1
2023-02-04 11:47:00,37.30353259828432,-122.4822734874086,Zone C,earthquake,Level 3: Severe Disaster,1
2023-02-04 11:50:00,37.344870373872695,-121.52769827008574,Zone D,,Level 0: No Disaster,1
2023-02-04 11:51:00,37.44403558483553,-121.78547158888702,Zone D,hurricane,Level 4: Critical Disaster,1
2023-02-04 11:55:00,37.65805954368221,-122.35735327010278,Zone A,,Level 0: No Disaster,1
2023-02-04 11:56:00,37.89681793285221,-122.43342992361428,Zone A,,Level 0: No Disaster,1
2023-02-04 11:57:00,37.40507884889775,-122.37029770134866,Zone C,,Level 4: Critical Disaster,1
2023-02-04 11:59:00,37.86007148681981,-122.06099189249466,Zone A,earthquake,Level 4: Critical Disaster,1
2023-02-04 12:01:00,37.12269116489368,-122.18817803315252,Zone C,earthquake,Level 1: Mild Disaster,1
2023-02-04 12:02:00,37.77622891367472,-122.3283214638868,Zone A,,Level 0: No Disaster,1
2023-02-04 12:04:00,37.90718243238651,-121.84988837876357,Zone B,earthquake,Level 1: Mild Disaster,1
2023-02-04 12:05:00,37.176828866526726,-121.62593303329342,Zone D,,Level 2: Moderate Disaster,1
2023-02-04 12:06:00,37.988980254037806,-121.74206450576652,Zone B,flood,Level 2: Moderate Disaster,1
2023-02-04 12:11:00,37.80454025544662,-121.87792629565412,Zone B,,Level 0: No Disaster,1
2023-02-04 12:20:00,37.53934708610986,-122.2090045961701,Zone A,earthquake,Level 1: Mild Disaster,1
2023-02-04 12:21:00,37.11569920414913,-121.51921737032376,Zone D,,Level 0: No Disaster,1
2023-02-04 12:24:00,37.82199076283311,-122.04551799567176,Zone A,,Level 0: No Disaster,1
2023-02-04 12:27:00,37.70332926053521,-122.00743199509988,Zone A,,Level 0: No Disaster,1
2023-02-04 12:29:00,37.5450243415376,-121.90133744719373,Zone B,,Level 0: No Disaster,1
2023-02-04 12:30:00,37.08093375364262,-122.08709395323724,Zone C,,Level 0: No Disaster,1
2023-02-04 12:32:00,37.64649114460329,-121.62149711643474,Zone B,flood,Level 3: Severe Disaster,1
2023-02-04 12:34:00,37.90455525458815,-122.34475489552231,Zone A,,Level 0: No Disaster,1
2023-02-04 12:37:00,37.1289346326254,-122.37037492419756,Zone C,,Level 0: No Disaster,1
2023-02-04 12:39:00,37.8911416911313,-121.5692169538582,Zone B,,Level 0: No Disaster,1
2023-02-04 12:40:00,37.26596955953845,-122.17836296880772,Zone C,,Level 0: No Disaster,1
2023-02-04 12:41:00,37.77644655213033,-122.09532083362124,Zone A,flood,Level 4: Critical Disaster,1
2023-02-04 12:50:00,37.52742130183455,-122.18677913155064,Zone A,,Level 0: No Disaster,1
2023-02-04 12:52:00,37.132134355035575,-121.96012384867647,Zone D,,Level 0: No Disaster,1
2023-02-04 12:55:00,37.79561634725063,-121.6526171549286,Zone B,,Level 4: Critical Disaster,1
2023-02-04 12:57:00,37.72130234491956,-122.3213846158005,Zone A,earthquake,Level 2: Moderate Disaster,1
2023-02-04 12:59:00,37.64735708343169,-122.4105791955202,Zone A,,Level 0: No Disaster,1
2023-02-04 13:00:00,37.6395514675366,-122.23688480833106,Zone A,,Level 4: Critical Disaster,1
2023-02-04 13:03:00,37.60617037363155,-122.0160229640179,Zone A,,Level 0: No Disaster,1
2023-02-04 13:10:00,37.354173904665046,-122.28568129093264,Zone C,,Level 0: No Disaster,1
2023-02-04 13:12:00,37.88064093481746,-121.71203100467226,Zone B,,Level 0: No Disaster,1
2023-02-04 13:24:00,37.36905031647615,-122.0160092796896,Zone C,hurricane,Level 3: Severe Disaster,1
2023-02-04 13:29:00,37.46164415890367,-122.08619438216556,Zone C,flood,Level 1: Mild Disaster,1
2023-02-04 13:31:00,37.028839336268064,-121.86261942056242,Zone D,,Level 0: No Disaster,1
2023-02-04 13:33:00,37.92811752548038,-121.9866668255374,Zone B,,Level 1: Mild Disaster,1
2023-02-04 13:36:00,37.808702308479134,-121.51875824234445,Zone B,,Level 0: No Disaster,1
2023-02-04 13:37:00,37.08304231562142,-122.28221404245978,Zone C,hurricane,Level 4: Critical Disaster,1
2023-02-04 13:39:00,37.98419112808844,-121.7375901025027,Zone B,,Level 0: No Disaster,1
2023-02-04 13:42:00,37.092170744115045,-121.77856420940296,Zone D,earthquake,Level 1: Mild Disaster,1
2023-02-04 13:46:00,37.755004374689214,-122.45785431100676,Zone A,,Level 0: No Disaster,1
2023-02-04 13:51:00,37.38104339156478,-121.80959849565237,Zone D,,Level 0: No Disaster,1
2023-02-04 13:56:00,37.4643304630556,-122.275453803413,Zone C,earthquake,Level 4: Critical Disaster,1
2023-02-04 13:57:00,37.9395267906168,-121.99223862094706,Zone B,hurricane,Level 1: Mild Disaster,1
2023-02-04 14:00:00,37.21259388671517,-121.66727886949448,Zone D,hurricane,Level 3: Severe Disaster,1
2023-02-04 14:01:00,37.32648155613467,-122.2634399920044,Zone C,hurricane,Level 1: Mild Disaster,1
2023-02-04 14:03:00,37.825592389411696,-122.004504713312,Zone A,hurricane,Level 4: Critical Disaster,1
2023-02-04 14:08:00,37.37900879323856,-121.66779175177972,Zone D,flood,Level 2: Moderate Disaster,1
2023-02-04 14:11:00,37.60385557368829,-121.76896239088398,Zone B,,Level 0: No Disaster,1
2023-02-04 14:12:00,37.343501153727615,-121.96220215929148,Zone D,,Level 1: Mild Disaster,1
2023-02-04 14:14:00,37.75944127984973,-121.89527804481064,Zone B,,Level 0: No Disaster,1
2023-02-04 14:16:00,37.476082866789866,-121.800888963158,Zone D,flood,Level 4: Critical Disaster,1
2023-02-04 14:21:00,37.10270379370165,-121.58306406936244,Zone D,hurricane,Level 4: Critical Disaster,1
2023-02-04 14:23:00,37.64534071040705,-122.47671107577877,Zone A,,Level 1: Mild Disaster,1
2023-02-04 14:28:00,37.78706765922281,-121.59826421495362,Zone B,,Level 0: No Disaster,1
2023-02-04 14:31:00,37.97943454368516,-122.00237620729918,Zone A,hurricane,Level 4: Critical Disaster,1
2023-02-04 14:34:00,37.58588226426488,-121.69630766504038,Zone B,flood,Level 2: Moderate Disaster,1
2023-02-04 14:37:00,37.15545701626266,-121.66744954764684,Zone D,hurricane,Level 1: Mild Disaster,1
2023-02-04 14:40:00,37.62801148911368,-121.69153037454932,Zone B,,Level 0: No Disaster,1
2023-02-04 14:42:00,37.4125837580354,-122.21492390851334,Zone C,earthquake,Level 2: Moderate Disaster,1
2023-02-04 14:43:00,37.14869630512305,-122.20898177929443,Zone C,earthquake,Level 3: Severe Disaster,1
2023-02-04 14:44:00,37.389019904300326,-121.85230925396296,Zone D,,Level 0: No Disaster,1
2023-02-04 14:45:00,37.10387231680642,-122.23111115383688,Zone C,,Level 0: No Disaster,1
2023-02-04 14:53:00,37.69666440625156,-122.27408459077422,Zone A,,Level 0: No Disaster,1
2023-02-04 14:54:00,37.434007491122514,-121.56966977904752,Zone D,earthquake,Level 4: Critical Disaster,1
2023-02-04 15:00:00,37.52625673411721,-121.79953401301792,Zone B,earthquake,Level 1: Mild Disaster,1
2023-02-04 15:02:00,37.59883497637027,-121.60636755291726,Zone B,,Level 0: No Disaster,1
2023-02-04 15:03:00,37.41574276773809,-121.84006068726632,Zone D,,Level 0: No Disaster,1
2023-02-04 15:10:00,37.09028418494948,-122.19893550610426,Zone C,,Level 0: No Disaster,1
2023-02-04 15:14:00,37.093083235437554,-122.24619818262931,Zone C,,Level 0: No Disaster,1
2023-02-04 15:15:00,37.22285287847629,-122.32505409643689,Zone C,,Level 0: No Disaster,1
2023-02-04 15:16:00,37.11060987779933,-122.130710639782,Zone C,,Level 0: No Disaster,1
2023-02-04 15:17:00,37.97303045649882,-121.53771273098822,Zone B,,Level 1: Mild Disaster,1
2023-02-04 15:18:00,37.34821605136886,-122.49920931480152,Zone C,,Level 0: No Disaster,1
2023-02-04 15:19:00,37.92599819869438,-121.99027790797928,Zone B,,Level 4: Critical Disaster,1
2023-02-04 15:25:00,37.54365867184647,-121.97804016640715,Zone B,,Level 0: No Disaster,1
2023-02-04 15:26:00,37.399969178457575,-122.46708631072708,Zone C,,Level 2: Moderate Disaster,1
2023-02-04 15:31:00,37.96577531703668,-121.89280957637864,Zone B,hurricane,Level 4: Critical Disaster,1
2023-02-04 15:32:00,37.56146761187352,-122.41442806121516,Zone A,flood,Level 2: Moderate Disaster,1
2023-02-04 15:38:00,37.358837739556165,-121.7491652150416,Zone D,hurricane,Level 1: Mild Disaster,1
2023-02-04 15:41:00,37.629837569561474,-122.4421007250822,Zone A,flood,Level 2: Moderate Disaster,1
2023-02-04 15:42:00,37.79823736829199,-121.60193614696428,Zone B,hurricane,Level 2: Moderate Disaster,1
2023-02-04 15:43:00,37.60407996618168,-121.9212850729591,Zone B,,Level 4: Critical Disaster,1
2023-02-04 15:48:00,37.40734864748424,-121.73673730202104,Zone D,hurricane,Level 1: Mild Disaster,1
2023-02-04 15:53:00,37.10677361624376,-122.15302046282456,Zone C,,Level 2: Moderate Disaster,1
2023-02-04 15:54:00,37.59011807120012,-121.7045892579735,Zone B,,Level 0: No Disaster,1
2023-02-04 15:55:00,37.60108283482891,-122.31714507094216,Zone A,flood,Level 2: Moderate Disaster,1
2023-02-04 15:57:00,37.8002936201162,-121.56216468643916,Zone B,,Level 0: No Disaster,1
2023-02-04 15:59:00,37.61868427303619,-122.08520401510282,Zone A,flood,Level 4: Critical Disaster,1
2023-02-04 16:01:00,37.2019487162546,-121.62599413990527,Zone D,,Level 0: No Disaster,1
2023-02-04 16:02:00,37.06094468473025,-121.89838160247406,Zone D,,Level 0: No Disaster,1
2023-02-04 16:03:00,37.07088676121224,-122.31158033119632,Zone C,hurricane,Level 4: Critical Disaster,1
2023-02-04 16:05:00,37.85745002667847,-121.99252947328908,Zone B,,Level 0: No Disaster,1
2023-02-04 16:10:00,37.05065763405712,-121.7719607166535,Zone D,,Level 0: No Disaster,1
2023-02-04 16:11:00,37.79944612105536,-121.67011858517446,Zone B,,Level 0: No Disaster,1
2023-02-04 16:14:00,37.10670266710759,-121.56574948533289,Zone D,earthquake,Level 3: Severe Disaster,1
2023-02-04 16:15:00,37.95567681831147,-122.199163001288,Zone A,flood,Level 1: Mild Disaster,1
2023-02-04 16:17:00,37.09877633112856,-121.84789240988512,Zone D,,Level 0: No Disaster,1
2023-02-04 16:19:00,37.4714201006458,-121.50560670714113,Zone D,,Level 0: No Disaster,1
2023-02-04 16:22:00,37.05105999188223,-122.49160579807148,Zone C,earthquake,Level 4: Critical Disaster,1
2023-02-04 16:29:00,37.402882992739166,-121.5846231917241,Zone D,,Level 0: No Disaster,1
2023-02-04 16:31:00,37.92045131997116,-122.11536018366851,Zone A,hurricane,Level 4: Critical Disaster,1
2023-02-04 16:32:00,37.55364814164149,-121.5267812160934,Zone B,,Level 0: No Disaster,1
2023-02-04 16:35:00,37.63771714337038,-121.64810110506076,Zone B,,Level 0: No Disaster,1
2023-02-04 16:36:00,37.77057649609394,-121.81851883719808,Zone B,,Level 1: Mild Disaster,1
2023-02-04 16:43:00,37.21972181131164,-122.49652477500206,Zone C,,Level 0: No Disaster,1
2023-02-04 16:46:00,37.61379074948934,-121.86661332309846,Zone B,,Level 0: No Disaster,1
2023-02-04 16:49:00,37.90033311745364,-122.40733319579311,Zone A,,Level 0: No Disaster,1
2023-02-04 16:54:00,37.15599622522168,-121.82049080410744,Zone D,earthquake,Level 4: Critical Disaster,1
2023-02-04 17:02:00,37.64450825707953,-121.70821063889976,Zone B,,Level 2: Moderate Disaster,1
2023-02-04 17:03:00,37.89487249668421,-122.34601377361771,Zone A,hurricane,Level 2: Moderate Disaster,1
2023-02-04 17:05:00,37.720618791328185,-121.59296853672828,Zone B,,Level 0: No Disaster,1
2023-02-04 17:09:00,37.92873018657295,-121.55620710453088,Zone B,earthquake,Level 4: Critical Disaster,1
2023-02-04 17:14:00,37.5553892257939,-121.56756125961188,Zone B,,Level 0: No Disaster,1
2023-02-04 17:15:00,37.84867423540678,-122.1672888224606,Zone A,flood,Level 1: Mild Disaster,1
2023-02-04 17:19:00,37.59759780535598,-121.73435077581895,Zone B,,Level 0: No Disaster,1
